key,name,subhead,description,rating,rating_count,ingredients,base_flavor
0_bj,SALTED CARAMEL CORE,SWEET CREAM ICE CREAM WITH BLONDE BROWNIES & A SALTED CARAMEL CORE,"FIND YOUR WAY TO THE ULTIMATE ICE CREAM EXPERIENCE WITH OUR CORES. WHETHER YOUR PRIMAL URGES LEAD YOU TO THE CENTER OF SALTED CARAMEL OR DIRECTLY TO THE BLONDE BROWNIES, YOU’LL BE IN TOTAL CONTROL OF YOUR OWN ICE CREAM DESTINY.",3.7,208,"CREAM, SKIM MILK, LIQUID SUGAR (SUGAR, WATER), WATER, BROWN SUGAR, SUGAR, MILK, WHEAT FLOUR, EGG YOLKS, CORN SYRUP, EGGS, BUTTER (CREAM, SALT), BUTTEROIL, PECTIN, SEA SALT, SOYBEAN OIL, VANILLA EXTRACT, GUAR GUM, SOY LECITHIN, BAKING POWDER (SODIUM ACID PYROPHOSPHATE, SODIUM BICARBONATE, CORN STARCH, MONOCALCIUM PHOSPHATE), BAKING SODA, SALT, CARRAGEENAN, LACTASE",SWEET CREAM
1_bj,NETFLIX & CHILLL'D™,PEANUT BUTTER ICE CREAM WITH SWEET & SALTY PRETZEL SWIRLS & FUDGE BROWNIES,"THERE’S SOMETHING FOR EVERYONE TO WATCH ON NETFLIX & FLAVORS FOR EVERYONE TO ENJOY FROM BEN & JERRY’S, SO WE’VE TEAMED UP TO BRING YOU A CHILLAXING NEW CREATION THAT’S CERTAIN TO SATISFY ANY SWEET OR SALTY SNACK CRAVING. IT’S A FLAVORFUL WORLD, AND EVERYONE IS INVITED TO GRAB A SPOON.",4.0,127,"CREAM, SKIM MILK, LIQUID SUGAR (SUGAR, WATER), WATER, SUGAR, PEANUTS, WHEAT FLOUR, CANOLA OIL, EGG YOLKS, CORN STARCH, PEANUT OIL, COCOA POWDER, SALT, SOYBEAN OIL, INVERT CANE SUGAR, MILK FAT, EGGS, EGG WHITES, GUAR GUM, SOY LECITHIN, TAPIOCA STARCH, BAKING SODA, CARRAGEENAN, VANILLA EXTRACT, BARLEY MALT, MALTED BARLEY FLOUR",PEANUT BUTTER
2_bj,CHIP HAPPENS,A COLD MESS OF CHOCOLATE ICE CREAM WITH FUDGE CHIPS & CRUNCHY POTATO CHIP SWIRLS,"SOMETIMES “CHIP” HAPPENS AND EVERYTHING’S A MESS, BUT WE NAILED IT! WITH THIS CHIP-FILLED LIMITED BATCH. WHEN SMOOTH CHOCOLATE ICE CREAM MEETS FUDGE CHIPS & SALTY SWIRLS, THEY PACK A SERIOUS ONE-TWO CRUNCH. THE BEST PART? THERE WON’T BE ANYTHING LEFT TO CLEAN UP.",4.7,130,"CREAM, LIQUID SUGAR (SUGAR, WATER), SKIM MILK, WATER, SUGAR, COCOA (PROCESSED WITH ALKALI), POTATO, COCONUT OIL, CORN SYRUP SOLIDS, SOYBEAN OIL, EGG YOLKS, RICE STARCH, SUNFLOWER OIL, BARLEY MALT, COCOA POWDER, WHEAT FLOUR, MILK, SALT, SOY LECITHIN, YEAST EXTRACT, NATURAL FLAVOR, GUAR GUM, SEA SALT, MILKFAT, VANILLA EXTRACT, ENZYMES, CARRAGEENAN, BAKING SODA. CONTAINS MILK, EGGS, WHEAT AND SOY",CHOCOLATE
3_bj,CANNOLI,MASCARPONE ICE CREAM WITH FUDGE-COVERED PASTRY SHELL PIECES & MASCARPONE SWIRLS,"AS A LIMITED BATCH THAT CAPTURED THE RAPTURE OF THE CLASSIC SICILIAN DESSERT, OUR CANNOLI CAPTIVATED FANS LIKE NO OTHER CANNOLI COULD. NOW THAT IT’S A FULL-TIME FLAVOR, YOU AND YOUR CANNOLI CAN RE-CAPTURE THE RAPTURE ALL OVER AGAIN.",3.6,70,"CREAM, SKIM MILK, LIQUID SUGAR (SUGAR, WATER),  WATER, CORN SYRUP, COCONUT OIL, SUGAR, DRIED CANE SYRUP, EGG YOLKS, WHEAT FLOUR, MILK, COCOA, NATURAL FLAVOR, GUAR GUM, SOY LECITHIN, BUTTER OIL, NATURAL FLAVORS, LOCUST BEAN GUM, SALT, CITRIC ACID, VANILLA BEAN SEEDS, SOYBEAN OIL, TAPIOCA STARCH, LACTIC ACID, CARRAGEENAN",MASCARPONE
4_bj,GIMME S’MORE!™,"TOASTED MARSHMALLOW ICE CREAM WITH CHOCOLATE COOKIE SWIRLS, GRAHAM CRACKER SWIRLS & FUDGE FLAKES","IT’S A GIMME: THERE’S ALWAYS ROOM FOR S’MORE. AND WE’RE PRETTY SURE YOU’LL WANT TO MAKE S’MORE ROOM IN YOUR FREEZER FOR THIS ‘SHMALLOWY-RICH, GRAHAM-GOOD-‘N-CHOCOLATEY CONCOCTION NOW THAT IT'S FULL TIME FLAVOR!.",4.5,281,"CREAM, SKIM MILK, WATER, LIQUID SUGAR (SUGAR, WATER), SUGAR, CANOLA OIL, SOYBEAN OIL, EGG YOLKS, CORN SYRUP, WHEAT FLOUR, COCONUT OIL, CORN STARCH, COCOA (PROCESSED WITH ALKALI), CORN SYRUP SOLIDS, COCOA, GRAHAM FLOUR, SALT, EGG WHITES, BUTTEROIL, TAPIOCA STARCH, GUAR GUM, SOY LECITHIN, BAKING SODA, NATURAL FLAVOR, MOLASSES, HONEY, VANILLA EXTRACT, PECTIN, CARAMELIZED SUGAR SYRUP, CARRAGEENAN",TOASTED MARSHMALLOW
5_bj,PEANUT BUTTER HALF BAKED®,CHOCOLATE & PEANUT BUTTER ICE CREAMS MIXED WITH GOBS OF PEANUT BUTTER COOKIE DOUGH & FUDGE BROWNIES,"IF YOU WERE MORE THAN A LITTLE BIT SMITTEN WITH HALF BAKED®’S PEANUT BUTTERY COUSIN WHEN IT WAS A LIMITED BATCH, WE EXPECT YOU COULD BE A WHOLE LOT SMITTENER NOW THAT IT’S A FULL-TIME FLAVOR. ENJOY!",4.9,14,"CREAM, LIQUID SUGAR (SUGAR, WATER), SKIM MILK, WATER, SUGAR, WHEAT FLOUR, PEANUTS, COCOA (PROCESSED WITH ALKALI), BROWN SUGAR, EGG YOLKS, COCOA POWDER, PEANUT OIL, SOYBEAN OIL, BUTTER (CREAM, SALT), INVERT CANE SUGAR, SALT, CHOCOLATE LIQUOR, EGGS, TAPIOCA FLOUR, PEANUT FLOUR, PEANUT EXTRACT, VANILLA EXTRACT, EGG WHITES, GUAR GUM, COCOA BUTTER, NATURAL FLAVOR, CARRAGEENAN, SOY LECITHIN, BAKING SODA, MALTED BARLEY FLOUR",CHOCOLATE & PEANUT BUTTER
6_bj,BERRY SWEET MASCARPONE,BLACKBERRY & MASCARPONE ICE CREAMS WITH SHORTBREAD COOKIES & FUDGE-COVERED ALMONDS,"FROM THE SWEET BLACKBERRY AND CRAZY CREAMY MASCARPONE ICE CREAMS TO THE SHORTBREAD COOKIES AND FUDGE-DUNKED ALMONDS, YOU’LL FALL IN LOVE WITH THIS FLAVOR FASTER THAN YOU CAN SAY “MASS-CAR-PO-NAY.”",4.6,10,"CREAM, SKIM MILK, WATER, LIQUID SUGAR (SUGAR, WATER), ROASTED ALMONDS (ALMONDS, PEANUT OIL), DRIED CANE SYRUP, EGG YOLKS, WHEAT FLOUR, COCONUT OIL, BLACKBERRY JUICE CONCENTRATE, BUTTER (CREAM, SALT), SUGAR, COCOA, SOYBEAN OIL, CORN SYRUP, SALT, BUTTEROIL, SOY LECITHIN, VANILLA EXTRACT, EGGS, GUAR GUM, MILK, NATURAL FLAVORS, BAKING SODA, TAPIOCA STARCH, CARRAGEENAN, LACTIC ACID, CITRIC ACID",BLACKBERRY & MASCARPONE
7_bj,CHOCOLATE PEANUT BUTTER SPLIT,CHOCOLATE & BANANA ICE CREAMS WITH MINI PEANUT BUTTER CUPS,"WE’VE LOADED OUR BANANA AND CHOCOLATE ICE CREAMS WITH A CHOCOLATEY LOT OF BITE-SIZE PB SURPRISES, SO IF YOU FIND YOUR CHOCOLATE-COVERED, PEANUT-BUTTERED BANANA FANTASIES AREN’T FULFILLED IN EVERY SPOONFUL, WE SUGGEST A BIGGER SPOON.",5.0,7,"CREAM, SKIM MILK, LIQUID SUGAR (SUGAR, WATER), WATER, SUGAR, PEANUTS, COCONUT OIL, BANANA PUREE, COCOA (PROCESSED WITH ALKALI), EGG YOLKS, MILK, NONFAT MILK, GUAR GUM, NATURAL FLAVORS, LEMON JUICE CONCENTRATE, SALT, COCOA, SOY LECITHIN, VANILLA EXTRACT, CARRAGEENAN",CHOCOLATE & BANANA
8_bj,JUSTICE REMIX'D ™,CINNAMON & CHOCOLATE ICE CREAMS WITH GOBS OF CINNAMON BUN DOUGH & SPICY FUDGE BROWNIES,"NOW SERVING JUSTICE REMIX’D: THE FLAVOR AND ACTION CAMPAIGN DEDICATED TO CRIMINAL JUSTICE REFORM. WE’RE PROUD TO WORK WITH ADVANCEMENT PROJECT NATIONAL OFFICE IN SUPPORTING REFORMS THAT INVEST IN PEOPLE INSTEAD OF PRISONS. TOGETHER WE CAN TRANSFORM THE SYSTEM TO DELIVER JUSTICE FOR ALL, INSTEAD OF JUST SOME. JOIN US AT BENJERRY.COM/JUSTICE.",4.3,110,"CREAM, LIQUID SUGAR (SUGAR, WATER), SKIM MILK, WATER, SUGAR, WHEAT FLOUR, DRIED CANE SYRUP, COCOA (PROCESSED WITH ALKALI), EGG YOLKS, COCOA POWDER, SOYBEAN OIL, INVERT SUGAR, BUTTER (CREAM, SALT), COCONUT OIL, MOLASSES, SALT, EGGS, SPICES, BAKING SODA, CORN SYRUP, SOY LECITHIN, EGG WHITES, GUAR GUM, CINNAMON, NATURAL FLAVOR, CARRAGEENAN, VANILLA EXTRACT, MALTED BARLEY FLOUR",CINNAMON & CHOCOLATE
9_bj,BOOTS ON THE MOOOO’N™,A UNIVERSE OF MILK CHOCOLATE ICE CREAM WITH FUDGE COWS & TOFFEE METEOR CLUSTERS ORBITING A SUGAR COOKIE DOUGH CORE,"WHILE SPACE FORCE WORKS TO GET BOOTS (BACK) ON THE MOON, THIS COSMIC CONCOCTION WILL LAUNCH YOUR DREAMS INTO ORBIT. WITH FUDGY ASTRONAUT COWS & TOFFEE METEORS, SPACE COULDN'T BE ANY SWEETER. UNLESS THE MOON WAS MADE OUT OF SUGAR COOKIE DOUGH. WHICH FOR THIS LIMITED-TIME FLAVOR, IT ACTUALLY IS!
VIEW ALL OF OUR NETFLIX INSPIRED FLAVORS",4.7,42,"CREAM, LIQUID SUGAR (SUGAR, WATER), SKIM MILK, WATER, SUGAR, COCOA (PROCESSED WITH ALKALI), SOYBEAN OIL, COCONUT OIL, WHEAT FLOUR, CORN SYRUP, ALMONDS, BUTTER (CREAM, SALT), EGG YOLKS, VANILLA EXTRACT, SALT, NATURAL FLAVORS, EGGS, GUAR GUM, COCOA, SOY LECITHIN, MILK, BAKING SODA, CARRAGEENAN",MILK CHOCOLATE
10_bj,AMERICONE DREAM®,VANILLA ICE CREAM WITH FUDGE-COVERED WAFFLE CONE PIECES & A CARAMEL SWIRL,"FOUNDED IN FUDGE-COVERED WAFFLE CONES, THIS CARAMEL-SWIRLED CONCOCTION IS THE ONLY FLAVOR THAT GETS A S'CREAM OF APPROVAL FROM THE LATE SHOW HOST, STEPHEN COLBERT. WHAT'S SWEETER IS THIS FLAVOR SUPPORTS CHARITABLE CAUSES THROUGH THE STEPHEN COLBERT AMERICONE DREAM FUND.",4.7,370,"CREAM, SKIM MILK, LIQUID SUGAR (SUGAR, WATER), WATER, CORN SYRUP, DRIED CANE SYRUP, SUGAR, WHEAT FLOUR, EGG YOLKS, COCONUT OIL, BUTTER (CREAM, SALT), COCOA, VANILLA EXTRACT, NATURAL FLAVOR, SOY LECITHIN, SALT, BUTTER OIL, MILK, CARRAGEENAN, GUAR GUM, SOYBEAN OIL, BAKING SODA",VANILLA
11_bj,BOURBON PECAN PIE,"BUTTERY BOURBON ICE CREAM WITH PECANS, SHORTBREAD COOKIE PIECES & A WHISKEY CARAMEL SWIRL",NOT LONG AGO WE SCOOP-TOURED THROUGH TEXAS ASKING YOU TO ELECT THE BEST OF TWO TEXAS-INSPIRED FLAVORS. THANKS TO YOU THIS BOURBON-Y WHIRL OF PECANS AND COOKIES WRAPPED IN WHISKEY-KISSED CARAMEL IS NOW AVAILABLE TEX-CLUSIVELY!,4.6,9,"CREAM, SKIM MILK, LIQUID SUGAR (SUGAR, WATER), WATER, CORN SYRUP, PECANS, BUTTER (CREAM, SALT), WHEAT FLOUR, EGG YOLKS, SUGAR, DRIED CANE SYRUP, WHISKEY, DRY MALT EXTRACT (BARLEY), SOYBEAN OIL, SALT, EGGS, CARAMEL COLOR, PEANUT OIL, GUAR GUM, BAKING SODA, CARRAGEENAN, SOY LECITHIN. MAY CONTAIN OTHER TREE NUTS",BUTTERY BOURBON
12_bj,BREWED TO MATTER™,COFFEE ICE CREAM WITH FUDGE CHUNKS & A BROWNIE BATTER SWIRL,"WE'RE THRILLED TO ADD THIS MADE-TO-MATTER, BROWNIE BATTER-SWIRLED BATCHFUL OF COFFEE AWESOMENESS TO THE BEN & JERRY'S FAMILY OF FLAVORS. IT PACKS A POWERFUL PINTFUL OF GOODNESS THAT'S GUARANTEED TO AMAZE YOU WITH EVERY CONSCIOUSLY CONCOCTED BITE.",4.7,35,"CREAM, SKIM MILK, LIQUID SUGAR (SUGAR, WATER), WATER, SUGAR, COFFEE EXTRACT, COCONUT OIL, EGG YOLKS, COCOA PROCESSED WITH ALKALI, WHEAT FLOUR, BUTTER (CREAM, SALT), CHOCOLATE LIQUOR, CORN SYRUP, COCOA POWDER, CANOLA OIL, GUAR GUM, SOY LECITHIN, SALT, CARRAGEENAN, NATURAL FLAVOR, MILK FAT, BAKING SODA, VANILLA EXTRACT",COFFEE
13_bj,CARAMEL CHOCOLATE CHEESECAKE,CARAMEL CHEESECAKE ICE CREAM WITH CHEESECAKE PIECES & CHOCOLATE COOKIE SWIRLS,"IN YOUR CHEESECAKE DREAMS, IS IT LIKE YOU’RE SPOONING THROUGH A WORLD OF CARAMEL CHEESECAKE ICE CREAM SWIRLED WITH CHOCOLATE COOKIES IN A WONDERLAND FILLED WITH CHUNKS OF CHEESECAKE? HELLO? YOU CAN WAKE UP NOW…",4.0,133,"CREAM, SKIM MILK, WATER, LIQUID SUGAR (SUGAR, WATER), SUGAR, CORN SYRUP, CANOLA OIL, CREAM CHEESE (PASTEURIZED MILK, CREAM, CHEESE CULTURES, SALT, CAROB BEAN GUM), COCONUT OIL, EGG YOLKS, WHEAT FLOUR, DRIED CANE SYRUP, SOYBEAN OIL, GRAHAM FLOUR, EGGS, COCOA (PROCESSED WITH ALKALI), NATURAL FLAVORS, COCOA, GUAR GUM, BUTTEROIL, MILK PROTEIN CONCENTRATE, CORN STARCH, SALT, SOY LECITHIN, TAPIOCA STARCH, PECTIN, CARAMELIZED SUGAR SYRUP, BAKING SODA, MOLASSES, HONEY, CARRAGEENAN, VANILLA EXTRACT",CARAMEL CHEESECAKE
14_bj,CHERRY GARCIA®,CHERRY ICE CREAM WITH CHERRIES & FUDGE FLAKES,"OUR EUPHORICALLY EDIBLE TRIBUTE TO GUITARIST JERRY GARCIA & GRATEFUL DEAD FANS EVERYWHERE, IT’S THE FIRST ICE CREAM NAMED FOR A ROCK LEGEND AND THE MOST FAMOUS OF OUR FAN-SUGGESTED FLAVORS.",4.4,153,"CREAM, SKIM MILK, LIQUID SUGAR (SUGAR, WATER), WATER, CHERRIES, SUGAR, EGG YOLKS, COCONUT OIL, COCOA (PROCESSED WITH ALKALI), FRUIT AND VEGETABLE CONCENTRATES (COLOR), COCOA POWDER, GUAR GUM, NATURAL FLAVORS, LEMON JUICE CONCENTRATE, CARRAGEENAN, MILK FAT, SOY LECITHIN",CHERRY
15_bj,CHILLIN' THE ROAST™,COLD BREW COFFEE ICE CREAM WITH CHOCOLATE COOKIE-COVERED COFFEE LIQUEUR TRUFFLES & FUDGE SWIRLS,"OUR COLD BREW COFFEE ICE CREAM NOT ONLY DELIVERS A CHILLACIOUS BLAST OF CREAMY CAFFEINATION, IT’S ALSO LOADED WITH ENOUGH COFFEE LIQUEUR-FILLED, COOKIE CRUMBLE-COVERED TRUFFLES TO FUEL A TRUFFOLUTION.",3.3,172,"CREAM, SKIM MILK, LIQUID SUGAR (SUGAR, WATER), WATER, SUGAR, COCONUT OIL, EGG YOLKS, BUTTER (CREAM, SALT), COFFEE, WHEAT FLOUR, MILK PROTEIN CONCENTRATE, COCOA (PROCESSED WITH ALKALI), SOYBEAN OIL, GUAR GUM, NATURAL FLAVOR, SALT, CORN STARCH, CANOLA OIL, RUM, SOY LECITHIN, CHOCOLATE, BAKING SODA, CARRAGEENAN",COLD BREW COFFEE
16_bj,CHOCOLATE CHIP COOKIE DOUGH,VANILLA ICE CREAM WITH GOBS OF CHOCOLATE CHIP COOKIE DOUGH,WE KNEW WE WERE ONTO SOMETHING BIG WHEN WE MADE THE WORLD’S FIRST BATCH OF CHOCOLATE CHIP COOKIE DOUGH ICE CREAM IN 1984. TODAY THE FLAVOR STILL REIGNS AMONG OUR ALL-TIME MOST POPULAR CONCOCTIONS.,4.6,983,"CREAM, SKIM MILK, LIQUID SUGAR (SUGAR, WATER), WATER, WHEAT FLOUR, SUGAR, BROWN SUGAR, EGG YOLKS, BUTTER (CREAM, SALT), EXPELLER PRESSED SOYBEAN OIL, EGGS, COCONUT OIL, CHOCOLATE LIQUOR, VANILLA EXTRACT, COCOA (PROCESSED WITH ALKALI), COCOA POWDER, SALT, MOLASSES, GUAR GUM, COCOA BUTTER, NATURAL FLAVOR, CARRAGEENAN, MILK FAT, SOY LECITHIN",VANILLA
17_bj,CHOCOLATE FUDGE BROWNIE,CHOCOLATE ICE CREAM WITH FUDGE BROWNIES,"THE FABULOUSLY FUDGY BROWNIES IN THIS FLAVOR COME FROM NEW YORK’S GREYSTON BAKERY, WHERE PRODUCING GREAT BAKED GOODS IS PART OF THEIR GREATER-GOOD MISSION TO PROVIDE JOBS AND TRAINING TO LOW-INCOME CITY RESIDENTS.",3.4,204,"CREAM, LIQUID SUGAR (SUGAR, WATER), SKIM MILK, WATER, SUGAR, COCOA (PROCESSED WITH ALKALI), WHEAT FLOUR, COCOA POWDER, SOYBEAN OIL, EGG YOLKS, INVERT CANE SUGAR, EGGS, EGG WHITES, GUAR GUM, SALT, CARRAGEENAN, VANILLA EXTRACT, MALTED BARLEY FLOUR, SODIUM BICARBONATE",CHOCOLATE
18_bj,CHOCOLATE SHAKE IT™,CHOCOLATE MALT MILKSHAKE ICE CREAM WITH SALTED FUDGE PIECES & MARSHMALLOW SWIRLS,FOR THOSE WHO PREFER THEIR ICE CREAM SHAKEN & SWIRLED HERE’S A CHOCOLATE MALT MILKSHAKE AND MARSHMALLOW CREATION WE TOPPED OFF WITH EUPHORIC MORSELS OF SALTED FUDGE. ENJOY!,3.9,111,"CREAM, SKIM MILK, LIQUID SUGAR (SUGAR, WATER), WATER, CORN SYRUP, WHEAT FLOUR, POWDERED SUGAR (CANE SUGAR, CORNSTARCH), SUGAR, EGG YOLKS, COCOA (PROCESSED WITH ALKALI), BUTTER (CREAM, SALT), BARLEY MALT, TAPIOCA SYRUP, EGG WHITES, MILK, COCOA, SEA SALT, GUAR GUM, NATURAL FLAVOR, PECTIN, VANILLA EXTRACT, ENZYMES, CARRAGEENAN, SALT, BAKING SODA",CHOCOLATE MALT MILKSHAKE
19_bj,CHOCOLATE THERAPY®,CHOCOLATE ICE CREAM WITH CHOCOLATE COOKIES & SWIRLS OF CHOCOLATE PUDDING ICE CREAM,"YOU KNOW HOW SOMETIMES YOU JUST WANT TO SCREAM? YOU COULD JUST SCREAM, OR YOU COULD GRAB A SPOON, GET A GRIP, AND TREAT YOURSELF TO SOME PRIMAL S'CREAM THERAPY OF THE SUBLIMEST CHOCOLATE KIND. (EUPHORIA MAY OCCUR UPON TASTING.)",4.8,72,"CREAM, LIQUID SUGAR (SUGAR, WATER), SKIM MILK, WATER, COCOA (PROCESSED WITH ALKALI), WHEAT FLOUR, SUGAR, SOYBEAN OIL, BROWN SUGAR, EGG YOLKS, CHOCOLATE LIQUOR, COCOA, HONEY, GUAR GUM, COCOA BUTTER, VANILLA EXTRACT, SALT, BAKING SODA, NATURAL FLAVORS, SOY LECITHIN, CARRAGEENAN",CHOCOLATE
20_bj,CHUBBY HUBBY®,VANILLA MALT ICE CREAM WITH PEANUTTY FUDGE-COVERED PRETZELS WITH FUDGE & PEANUT BUTTERY SWIRLS,"TWO TRICKSTERS CONVINCED A CO-WORKER THIS FLAVOR REALLY EXISTED (IT DIDN’T), THEN FELT GUILTY & MADE HIM AN ACTUAL BATCH PACKED WITH PRETZELS, PEANUT BUTTER & FUDGE. HE LOVED IT, SO DID WE, & THE REST IS HISTORY. ENJOY!",4.3,118,"CREAM, SKIM MILK, LIQUID SUGAR (SUGAR, WATER), WATER, SUGAR, PEANUTS, WHEAT FLOUR, COCONUT OIL, PARTIALLY DEFATTED PEANUT FLOUR, EGG YOLKS, BUTTER (CREAM, SALT), PEANUT OIL, BARLEY MALT, VANILLA EXTRACT, MILK, COCOA (PROCESSED WITH ALKALI), SALT, SOY LECITHIN, COCOA, CHOCOLATE LIQUOR, SOYBEAN OIL, GUAR GUM, ENZYMES, BAKING SODA, CARRAGEENAN",VANILLA MALT
21_bj,CHUNKY MONKEY®,BANANA ICE CREAM WITH FUDGE CHUNKS & WALNUTS,"TO CREATE A FLAVOR AS FUN AS THE NAME, WE MONKEYED AROUND WITH BUNCHES OF TEST BATCHES UNTIL WE KNEW WE HAD A WINNER: THE NUTTIEST CHOCOLATEY-CHUNKIEST CONCOCTION-GONE-BANANAS YOU'LL EVER GO APE FOR.",4.4,108,"CREAM, SKIM MILK, LIQUID SUGAR (SUGAR, WATER), WATER, SUGAR, WALNUTS, BANANA PUREE, COCONUT OIL, EGG YOLKS, COCOA (PROCESSED WITH ALKALI), COCOA POWDER, LEMON JUICE CONCENTRATE, GUAR GUM, NATURAL FLAVORS, MILK FAT, CARRAGEENAN, SOY LECITHIN, VANILLA EXTRACT",BANANA
22_bj,CINNAMON BUNS®,CARAMEL ICE CREAM WITH CINNAMON BUN DOUGH & A CINNAMON STREUSEL SWIRL,"OUR COOL SALUTE TO CINNAMON BUNS IS SO CINNAMON-STREUSELED & DOUGH-LOADED, THERE'S NO TELLING WHERE THE CINNAMON BUNS END OR THE ICE CREAM BEGINS. THAT'S BECAUSE IT'S ONE FUN FLAVOR ALL THE WAY THROUGH. ENJOY!",4.6,83,"CREAM, SKIM MILK, WATER, LIQUID SUGAR (SUGAR, WATER), SUGAR, DRIED CANE SYRUP, WHEAT FLOUR, CORN SYRUP, EGG YOLKS, BROWN SUGAR, SOYBEAN OIL, BUTTER (CREAM, SALT), SPICE, COCONUT OIL, MOLASSES, SALT, SOY LECITHIN, SODIUM BICARBONATE, VANILLA EXTRACT, GUAR GUM, CARRAGEENAN",CARAMEL
23_bj,COFFEE COFFEE BUZZBUZZBUZZ!®,COFFEE ICE CREAM WITH ESPRESSO BEAN FUDGE CHUNKS,"SOMEWHERE BETWEEN THE CREAMY COFFEE COFFEE ICE CREAM & THE BUZZBUZZBUZZ OF ESPRESSO FUDGE, IT HITS YOU: YOU’RE WIDE AWAKE & IN LOVELOVELOVE.",4.9,47,"CREAM, SKIM MILK, LIQUID SUGAR (SUGAR, WATER), WATER, SUGAR, COCONUT OIL, COFFEE EXTRACT, EGG YOLKS, COCOA (PROCESSED WITH ALKALI), COFFEE, COCOA POWDER, SOY LECITHIN, GUAR GUM, VANILLA EXTRACT, CARRAGEENAN",COFFEE
24_bj,COFFEE TOFFEE BAR CRUNCH,COFFEE ICE CREAM WITH FUDGE-COVERED TOFFEE PIECES,COFFEE WHAT BAR CRUNCH?  WE GAVE THIS FLAVOR A NEW NAME TO GO WITH THE NEW TOFFEE BARS WE’RE USING AS PART OF OUR COMMITMENT TO SOURCE FAIRTRADE CERTIFIED AND NON-GMO INGREDIENTS.  WE LOVE IT AND KNOW YOU WILL TOO!,2.9,302,"CREAM, SKIM MILK, LIQUID SUGAR (SUGAR, WATER), WATER, SUGAR, COCONUT OIL, COFFEE EXTRACT, EGG YOLKS, BUTTER (CREAM, SALT), ALMONDS, COCOA (PROCESSED WITH ALKALI), MILK, SOY LECITHIN, COCOA, NATURAL FLAVOR, SALT, VANILLA EXTRACT, VEGETABLE OIL (CANOLA, SAFFLOWER, AND/OR SUNFLOWER OIL), GUAR GUM, CARRAGEENAN",COFFEE
25_bj,COLD BREW CARAMEL LATTE,COLD BREW & SWEET CREAM ICE CREAMS WITH SALTED CARAMEL SWIRLS,"IF YOU’VE BEEN LOOKING FOR A MORE CHILLACIOUS WAY TO GET YOUR BEN & JERRY’S ON, THIS DREAMY LATTE-INSPIRED ICE CREAM MADE WITH COLD BREW COFFEE, RICH SWEET CREAM, & SALT-KISSED CARAMEL IS A MIGHTY COOL & EUPHORIC MOTORVATOR.",4.6,10,"CREAM, SKIM MILK, WATER, LIQUID SUGAR (SUGAR, WATER), CORN SYRUP, EGG YOLKS, SUGAR, BUTTER (CREAM, SALT), COFFEE, SEA SALT, GUAR GUM, CARAMELIZED SUGAR SYRUP, CARRAGEENAN, BAKING SODA",COLD BREW & SWEET CREAM
26_bj,EVERYTHING BUT THE...®,"A COLLISION OF CHOCOLATE & VANILLA ICE CREAMS MIXED WITH PEANUT BUTTER CUPS, FUDGE-COVERED TOFFEE PIECES, WHITE CHOCOLATEY CHUNKS & FUDGE-COVERED ALMONDS","WE'VE COMBINED SOME OF YOUR MOST FAVORITE BEN & JERRY'S FLAVORS & SWIRLED THEM INTO EVEN BIGGER SHOW-STOPPERS. NOW YOU CAN ENJOY THEM IN TASTY, TWISTED TANDEM!",3.8,72,"CREAM, SKIM MILK, LIQUID SUGAR (SUGAR, WATER), WATER, SUGAR, COCONUT OIL, COCOA (PROCESSED WITH ALKALI), EGG YOLKS, PEANUTS, ROASTED ALMONDS (ALMONDS, PEANUT OIL), PARTIALLY DEFATTED PEANUT FLOUR, DRIED CANE SYRUP, BUTTER (CREAM, SALT), VANILLA EXTRACT, MILK, COCOA, SOY LECITHIN, ALMONDS, SALT, GUAR GUM, NATURAL FLAVORS, MILK FAT, BUTTEROIL, VEGETABLE OIL (CANOLA, SAFFLOWER, AND/OR SUNFLOWER OIL), CARRAGEENAN, CORN MALTODEXTRIN",CHOCOLATE & VANILLA
27_bj,GLAMPFIRE TRAIL MIX™,"CHOCOLATE ICE CREAM WITH CRUNCHY PRETZEL SWIRLS, MARSHMALLOW SWIRLS & FUDGE-COVERED ALMONDS","INSPIRED BY GLAMPFIRE TALES OF OUTDOORSY GETAWAYS FILLED WITH INDOORSY PERKS, OUR TRAIL MIX IS UBER-CHOCOLATEY, NUTTY, MARSHMALLOWED-&-PRETZELED, SO YOU CAN GET LOST IN THE DESSERT WITHOUT LEAVING THE YURT.",4.7,68,"CREAM, LIQUID SUGAR (SUGAR, WATER), SKIM MILK, WATER, COCOA (PROCESSED WITH ALKALI), CORN SYRUP, SUGAR, CANOLA OIL, WHEAT FLOUR, CORN STARCH, ROASTED ALMONDS (ALMONDS, PEANUT OIL), DRIED CANE SYRUP, COCONUT OIL, EGG YOLKS, SALT, MILK FAT, COCOA, EGG WHITES, SOY LECITHIN, BUTTEROIL, VANILLA EXTRACT, GUAR GUM, TAPIOCA STARCH, NATURAL FLAVOR, PECTIN, SOYBEAN OIL, BAKING SODA, CARRAGEENAN, BARLEY MALT",CHOCOLATE
28_bj,HALF BAKED®,CHOCOLATE & VANILLA ICE CREAMS MIXED WITH GOBS OF CHOCOLATE CHIP COOKIE DOUGH & FUDGE BROWNIES,"BEN & JERRY’S IS PROUD TO PARTNER WITH FELLOW B CORPS GREYSTON & RHINO BAKERIES TO BRING YOU HALF BAKED. THE INCREDIBLE STORIES BEHIND BOTH THE FUDGE BROWNIES & COOKIE DOUGH MAKE THIS A FLAVOR THAT NOT ONLY TASTES GOOD, BUT DOES GOOD.",4.7,887,"CREAM, LIQUID SUGAR (SUGAR, WATER), SKIM MILK, WATER, SUGAR, WHEAT FLOUR, BROWN SUGAR, COCOA (PROCESSED WITH ALKALI), EGG YOLKS, BUTTER (CREAM, SALT), COCOA POWDER, EGGS, EXPELLER PRESSED SOYBEAN OIL, SOYBEAN OIL, INVERT CANE SUGAR, CHOCOLATE LIQUOR, VANILLA EXTRACT, SALT, EGG WHITES, GUAR GUM, MOLASSES, COCOA BUTTER, NATURAL FLAVOR, CARRAGEENAN, SOY LECITHIN, BAKING SODA, MALTED BARLEY FLOUR",CHOCOLATE & VANILLA
29_bj,ICE CREAM SAMMIE,VANILLA ICE CREAM WITH CHOCOLATE SANDWICH COOKIES & CHOCOLATE COOKIE SWIRLS,"TO CAPTURE THE GREAT TASTE OF THE CLASSIC ICE CREAM SANDWICH IN A FLAVOR THAT’S NOT ACTUALLY A SANDWICH, WE PACKED OUR CREAMY-RICH VANILLA ICE CREAM WITH CHOCOLATE SANDWICH COOKIES & SWIRLS, BEST-CAPTURED, BY YOU, WITH A SPOON.",5.0,31,"CREAM, SKIM MILK, LIQUID SUGAR (SUGAR, WATER), WATER, SUGAR, WHEAT FLOUR, CANOLA OIL, EGG YOLKS, COCOA PROCESSED WITH ALKALI, COCONUT OIL, SUNFLOWER OIL, COCOA, BUTTEROIL, SALT, BAKING SODA, TAPIOCA STARCH, NATURAL FLAVORS, GUAR GUM, SOY LECITHIN, VANILLA EXTRACT, NATURAL FLAVOR, CARRAGEENAN",VANILLA
30_bj,MILK & COOKIES,"VANILLA ICE CREAM WITH A CHOCOLATE COOKIE SWIRL, CHOCOLATE CHIP & CHOCOLATE CHOCOLATE CHIP COOKIES","HOW DO YOU TAKE CLASSIC MILK-&-COOKIE GOODNESS TO A WHOLE 'NOTHER LEVEL OF GREATNESS? WE DON’T REALLY KNOW WHAT THAT MEANS, BUT WE KNOW THIS FLAVOR’S LOADED WITH THE MOST EUPHORIC ASSORTMENT OF COOKIES WE EVER DUNKED, CHUNKED & SWIRLED IN OUR ICE CREAM.",4.7,104,"CREAM, SKIM MILK, LIQUID SUGAR (SUGAR, WATER), WATER, SUGAR, WHEAT FLOUR, CANOLA OIL, EGG YOLKS, BROWN SUGAR, BUTTER (CREAM, SALT), COCOA (PROCESSED WITH ALKALI), COCOA, COCONUT OIL, CHOCOLATE LIQUOR, SOYBEAN OIL, EGGS, SALT, NATURAL FLAVORS, VANILLA EXTRACT, TAPIOCA STARCH, GUAR GUM, HONEY, BAKING SODA, COCOA BUTTER, SOY LECITHIN, VANILLA BEANS, CARRAGEENAN",VANILLA
31_bj,MINT CHOCOLATE COOKIE,PEPPERMINT ICE CREAM WITH CHOCOLATE SANDWICH COOKIES,"IN CASE YOU’VE EVER WONDERED WHAT MAKES THIS WINTRY FLAVOR SO WICKED COOL TO LUGE A SPOON THROUGH: IT’S THE PEPPERMINTY EXCELLENCE WE PACKED IN IT, NOT TO MENTION ALL THOSE CHOCOLATE SANDWICH COOKIE MOGULS. ENJOY!",4.4,141,"CREAM, SKIM MILK, LIQUID SUGAR (SUGAR, WATER), WATER, SUGAR, WHEAT FLOUR, EGG YOLKS, COCONUT OIL, COCOA (PROCESSED WITH ALKALI), SUNFLOWER OIL, SALT, BAKING SODA, GUAR GUM, NATURAL FLAVORS, SOY LECITHIN, PEPPERMINT EXTRACT, CARRAGEENAN",PEPPERMINT
32_bj,MINTER WONDERLAND™,DARK CHOCOLATE MINT ICE CREAM WITH MARSHMALLOW SWIRLS & CHOCOLATE COOKIE SWIRLS,"IMAGINE A WILD RIDE THROUGH THE WINTRIEST, CHOCOLATE MINTIEST WONDERLAND OF ICE CREAM FILLED WITH CRUNCHY COOKIE SWIRLS AND MARSHMALLOWY DRIFTS. HONESTLY, IF THIS FLAVOR WAS A TOBOGGAN, YOU’D ALREADY BE ON IT.",4.7,32,"CREAM, LIQUID SUGAR (SUGAR, WATER), SKIM MILK, WATER, COCOA (PROCESSED WITH ALKALI), SUGAR, CORN SYRUP, CANOLA OIL, WHEAT FLOUR, EGG YOLKS, COCOA, COCONUT OIL, EGG WHITES, NATURAL FLAVORS, TAPIOCA STARCH, GUAR GUM, SALT, PECTIN, SOY LECITHIN, BAKING SODA, CARRAGEENAN",DARK CHOCOLATE MINT
33_bj,NEW YORK SUPER FUDGE CHUNK®,"CHOCOLATE ICE CREAM WITH WHITE & DARK FUDGE CHUNKS, PECANS, WALNUTS & FUDGE-COVERED ALMONDS","IN 1985, TO MAKE A NAME FOR OURSELVES IN NEW YORK, WE PICKED A NEW YORK KIND OF NAME AND CREATED A FLAVOR PACKED WITH MORE KINDS OF CHUNKS THAN EVER BEFORE. WE FIGURED IF THE FLAVOR WAS EUPHORIC IN NEW YORK, IT WOULD BE EVERYWHERE. IT WAS, AND IT IS.",4.9,63,"CREAM, LIQUID SUGAR (SUGAR, WATER), SKIM MILK, WATER, COCOA (PROCESSED WITH ALKALI), SUGAR, COCONUT OIL, WALNUTS, PECANS, ROASTED ALMONDS (ALMONDS, PEANUT OIL), DRIED CANE SYRUP, EGG YOLKS, COCOA, MILK FAT, SALT, SOY LECITHIN, VANILLA EXTRACT, GUAR GUM, BUTTEROIL, PEANUT OIL, BUTTER (CREAM), NATURAL FLAVORS, CARRAGEENAN",CHOCOLATE
34_bj,OAT OF THIS SWIRLED™,BUTTERY BROWN SUGAR ICE CREAM WITH FUDGE FLAKES & OATMEAL CINNAMON COOKIE SWIRLS,"WHEN’S THE BEST TIME TO ENJOY THIS BLISSFUL MIX OF BROWN SUGAR ICE CREAM WITH OTHERWORLDLY SWIRLS OF CINNAMONY OATMEAL COOKIES? ANY TIME BETWEEN BREAKFAST AND BED, FROM NOW ‘TIL WHENEVER.",4.5,255,"CREAM, SKIM MILK, LIQUID SUGAR (SUGAR, WATER), WATER, SUGAR, CANOLA OIL, COCONUT OIL, EGG YOLKS, BUTTER (CREAM, SALT), COCOA (PROCESSED WITH ALKALI), BUTTER OIL, WHEAT FLOUR, OATS, BROWN SUGAR, COCOA POWDER, SPICE, TAPIOCA STARCH, SALT, GUAR GUM, SOY LECITHIN, VANILLA EXTRACT, BAKING SODA, NATURAL FLAVOR, LEMON JUICE CONCENTRATE, CARRAGEENAN, MILK FAT",BUTTERY BROWN SUGAR
35_bj,PEANUT BUTTER CUP,PEANUT BUTTER ICE CREAM WITH PEANUT BUTTER CUPS,WE INTERRUPT OUR REGULARLY SCHEDULED PROGRAMMING TO REMIND YOU HOW MUCH YOU LOVE ICE CREAM THAT’S PERFECTLY PEANUT BUTTERY & PEANUT BUTTER CUPPITY AT THE SAME TIME.,4.4,41,"CREAM, SKIM MILK, LIQUID SUGAR (SUGAR, WATER), WATER, PEANUTS, SUGAR, COCONUT OIL, EGG YOLKS, PARTIALLY DEFATTED PEANUT FLOUR, PEANUT OIL, MILK, COCOA (PROCESSED WITH ALKALI), SALT, GUAR GUM, COCOA, NATURAL FLAVOR, SOY LECITHIN, VANILLA EXTRACT, CARRAGEENAN",PEANUT BUTTER
36_bj,PEANUT BUTTER WORLD®,MILK CHOCOLATE ICE CREAM WITH PEANUT BUTTERY SWIRLS & CHOCOLATE COOKIE SWIRLS,"WHAT MAKES BEN & JERRY'S SO EUPHORIC? SOME SAY IT'S THE LEGENDARY CREAMY-RICHNESS OF OUR FLAVOR CREATIONS. OTHERS SAY IT'S THE TASTEBUD-BOGGLING COMBINATIONS OF SPOON-BENDING CHUNKS & PERFECT SWIRLS. WE SAY, ""ENJOY!""",4.9,69,"CREAM, LIQUID SUGAR (SUGAR, WATER), SKIM MILK, WATER, PEANUTS, SUGAR, COCOA (PROCESSED WITH ALKALI), CANOLA OIL, PEANUT OIL, WHEAT FLOUR, COCOA, COCONUT OIL, EGG YOLKS, SALT, TAPIOCA STARCH, GUAR GUM, NATURAL FLAVORS, SOY LECITHIN, BAKING SODA, CARRAGEENAN",MILK CHOCOLATE
37_bj,PHISH FOOD®,"CHOCOLATE ICE CREAM WITH GOOEY MARSHMALLOW SWIRLS, CARAMEL SWIRLS & FUDGE FISH",“BEN WAS OUR NEIGHBOR THROUGH THE WOODS & WE'RE FOND OF ICE CREAM. SO WE TEAMED UP TO CREATE PHISH FOOD®. A PORTION OF OUR ROYALTIES FROM THIS FLAVOR GOES TOWARD ENVIRONMENTAL EFFORTS IN VERMONT'S LAKE CHAMPLAIN WATERSHED. ENJOY!” - PHISH,4.8,93,"CREAM, WATER, SKIM MILK, LIQUID SUGAR (SUGAR, WATER), CORN SYRUP, SUGAR, COCOA PROCESSED WITH ALKALI, COCONUT OIL, BUTTER (CREAM, SALT), EGG YOLKS, EGG WHITES, VANILLA EXTRACT, NATURAL FLAVOR, GUAR GUM, PECTIN, COCOA, SALT, CARRAGEENAN, BAKING SODA, MILK, SOY LECITHIN",CHOCOLATE
38_bj,PISTACHIO PISTACHIO,PISTACHIO ICE CREAM WITH LIGHTLY ROASTED PISTACHIOS,THE NAME ALONE SHOWS HOW MUCH WE LOVE PISTACHIOS. BUT DON'T JUST TAKE OUR WORD FOR IT - LET THE FLAVOR SPEAK FOR ITSELF!,4.0,80,"CREAM, SKIM MILK, LIQUID SUGAR (SUGAR, WATER), WATER, PISTACHIOS, EGG YOLKS, SUGAR, COCONUT OIL, GUAR GUM, SALT, NATURAL FLAVORS, CARRAGEENAN",PISTACHIO
39_bj,PUMPKIN CHEESECAKE,PUMPKIN CHEESECAKE ICE CREAM WITH A GRAHAM CRACKER SWIRL,"WE TOOK THE GREAT TASTE OF PUMPKIN CHEESECAKE & GAVE IT AN ICE CREAM UPGRADE, COMPLETE WITH A COMPLEMENTARY GRAHAM CRACKER SWIRL, SO IT'S MORE THAN JUST A GREAT FLAVOR: IT'S A FIRST-CLASS TICKET TO PUMPKIN WONDERFUL.",4.6,58,"CREAM, SKIM MILK, WATER, LIQUID SUGAR (SUGAR, WATER), SUGAR, PUMPKIN PUREE, SOYBEAN OIL, EGG YOLKS, CORN STARCH, CREAM CHEESE (CULTURED PASTEURIZED MILK AND CREAM, SALT, ENZYMES), WHEAT FLOUR, GRAHAM FLOUR, SALT, BUTTEROIL, CANOLA OIL, TAPIOCA STARCH, GUAR GUM, CINNAMON, LACTIC ACID, MOLASSES, HONEY, SOY LECITHIN, BAKING SODA, NATURAL FLAVOR, NUTMEG, GINGER, LEMON JUICE CONCENTRATE, CLOVES, ANNATTO (COLOR), CARRAGEENAN",PUMPKIN CHEESECAKE
40_bj,"RED, WHITE & BLUEBERRY",BLUEBERRY & RASPBERRY ICE CREAM SWIRLED WITH VANILLA ICE CREAM WITH STRAWBERRIES & SHORTBREAD PIECES,"HOORAY FOR RED, WHITE & BLUEBERRY! FROM THE STRAWBERRIED FIELDS OF RASPBERRY, BLUEBERRY, & VANILLA ICE CREAMS TO THE GLORIOUS MORSELS OF SHORTBREAD, EVERY SPOONFUL’S A SALUTE TO TASTE BEYOND THE FRUITED PLAIN.",3.4,39,"CREAM, SKIM MILK, WATER, LIQUID SUGAR (SUGAR, WATER), BLUEBERRY PUREE CONCENTRATE, STRAWBERRIES, EGG YOLKS, WHEAT FLOUR, DRIED CANE SYRUP, SUGAR, BUTTER (CREAM, SALT), RASPBERRY PUREE, SOYBEAN OIL, VANILLA EXTRACT, EGGS, GUAR GUM, BAKING SODA, SALT, CARRAGEENAN, LEMON JUICE CONCENTRATE",BLUEBERRY & RASPBERRY
41_bj,S'MORES,"CHOCOLATE ICE CREAM WITH FUDGE CHUNKS, TOASTED MARSHMALLOW & GRAHAM CRACKER SWIRLS","REMEMBER WHEN COOKOUTS & CAMPFIRES KINDLED YOUR CRAVINGS FOR S'MORES, GLORIOUS S’MORES? WE LOADED THIS FLAVOR WITH ALL THE STUFF THAT MAKES S’MORES SO GLORIOUS, SO YOU CAN KINDLE YOUR CRAVINGS WHENEVER, NO CAMPFIRES REQUIRED.",4.1,151,"CREAM, LIQUID SUGAR (SUGAR, WATER), SKIM MILK, WATER, SUGAR, COCOA (PROCESSED WITH ALKALI), SOYBEAN OIL, CORN SYRUP, CORN STARCH, COCONUT OIL, CORN SYRUP SOLIDS, WHEAT FLOUR, GRAHAM FLOUR, EGG YOLKS, SALT, BUTTEROIL, EGG WHITES, CANOLA OIL, COCOA POWDER, GUAR GUM, TAPIOCA STARCH, MOLASSES, HONEY, SOY LECITHIN, SODIUM BICARBONATE, VANILLA EXTRACT, PECTIN, MILKFAT, CARRAGEENAN, NATURAL FLAVOR",CHOCOLATE
42_bj,SALTED CARAMEL ALMOND,"VANILLA BEAN ICE CREAM WITH ROASTED ALMOND SLIVERS, FUDGE FLAKES & A SALTED CARAMEL SWIRL","WHAT MAKES BEN & JERRY’S SO EUPHORIC? SOME SAY IT’S THE LEGENDARY CREAMY-RICHNESS OF OUR FLAVOR CREATIONS. OTHERS SAY IT’S THE TASTEBUD-BOGGLING COMBINATIONS OF SPOON-BENDING CHUNKS & PERFECT SWIRLS. WE SAY, “ENJOY!""",4.5,23,"CREAM, SKIM MILK, LIQUID SUGAR (SUGAR, WATER), WATER, SUGAR, ALMONDS, MILK, EGG YOLKS, COCONUT OIL, CORN SYRUP, COCOA (PROCESSED WITH ALKALI), BUTTER (CREAM, SALT), BUTTEROIL, PECTIN, SEA SALT, COCOA POWDER, GUAR GUM, VANILLA EXTRACT, SOY LECITHIN, BAKING SODA, VANILLA BEANS, MILK FAT, CARRAGEENAN, LACTASE, NATURAL FLAVOR",VANILLA BEAN
43_bj,STRAWBERRY CHEESECAKE,STRAWBERRY CHEESECAKE ICE CREAM WITH STRAWBERRIES & A THICK GRAHAM CRACKER SWIRL,"FOR STRAWBERRY CHEESECAKE LOVERS WHO’VE ALWAYS WANTED TO HAVE THEIR CHEESECAKE & SCOOP IT, TOO, WE’VE CREATED A FLAVOR JAM-PACKED WITH STRAWBERRY CHEESECAKE-GREATNESS & A FANTASTIC GRAHAM-CRACKER SWIRL.",4.7,231,"CREAM, SKIM MILK, WATER, LIQUID SUGAR (SUGAR, WATER), SUGAR, STRAWBERRIES, SOYBEAN OIL, STRAWBERRY PUREE, EGG YOLKS, CORN STARCH, CREAM CHEESE (CULTURED PASTEURIZED MILK AND CREAM, SALT, ENZYMES), WHEAT FLOUR, GRAHAM FLOUR, SALT, BUTTEROIL, CANOLA OIL, GUAR GUM, NATURAL FLAVORS, TAPIOCA STARCH, MOLASSES, HONEY, LACTIC ACID, SOY LECITHIN, SODIUM BICARBONATE, LEMON JUICE CONCENTRATE, PECTIN, CARRAGEENAN",STRAWBERRY CHEESECAKE
44_bj,THE TONIGHT DOUGH®,CARAMEL & CHOCOLATE ICE CREAMS WITH CHOCOLATE COOKIE SWIRLS & GOBS OF CHOCOLATE CHIP COOKIE DOUGH & PEANUT BUTTER COOKIE DOUGH.,"INSPIRED BY THE SHOW & HOST WE LOVE STAYING UP LATE FOR, HERE'S A FLAVOR YOU'LL LOVE SPOONING INTO - DEDICATED TO SERIOUSFUN CHILDREN'S NETWORK OF GLOBAL CAMPS FOR CHILDREN WITH SERIOUS ILLNESSES. LEARN MORE AT SERIOUSFUNNETWORK.ORG.",4.7,639,"CREAM, LIQUID SUGAR (SUGAR, WATER), SKIM MILK, WATER, WHEAT FLOUR, SUGAR, COCOA (PROCESSED WITH ALKALI), BROWN SUGAR, CANOLA OIL, EGG YOLKS, PEANUT BUTTER (PEANUTS), CORN SYRUP, EGGS, COCOA, BUTTER (CREAM, SALT), COCONUT OIL, SOYBEAN OIL, SALT, CHOCOLATE LIQUOR, NATURAL FLAVORS, TAPIOCA STARCH, GUAR GUM, BAKING SODA, SOY LECITHIN, MOLASSES, COCOA BUTTER, CARRAGEENAN",CARAMEL & CHOCOLATE
45_bj,TRIPLE CARAMEL CHUNK®,CARAMEL ICE CREAM WITH A SWIRL OF CARAMEL & FUDGE-COVERED CARAMEL CHUNKS,"CARAMEL LOVERS WON’T WANT TO MISS A SINGLE MOMENT OF THIS MUST-EAT CARAMEL THRILLOGY, STARRING CREAMY CARAMEL ICE CREAM, GOOEY CARAMEL SWIRLS, AND CHEWY CARAMEL CHUNKS. THEY PROBABLY WON’T WANT IT TO END, EITHER. ENJOY!",4.3,16,"CREAM, SKIM MILK, WATER, LIQUID SUGAR (SUGAR, WATER), CORN SYRUP, SUGAR, EGG YOLKS, COCONUT OIL, BUTTER (CREAM, SALT), MILK, COCOA (PROCESSED WITH ALKALI), SALT, GUAR GUM, CARRAGEENAN, VANILLA EXTRACT, BAKING SODA, COCOA, SOY LECITHIN, NATURAL FLAVOR",CARAMEL
46_bj,URBAN BOURBON™,"BURNT CARAMEL ICE CREAM WITH ALMONDS, FUDGE FLAKES & BOURBON CARAMEL SWIRLS","WANT TO ENJOY A NIGHT ON THE TOWN WITHOUT LEAVING THE HOUSE? TREAT YOURSELF TO A CARAMEL CONCOCTION THAT’S BOLD, TOASTY AND BOURBON-SWIRLED, WITH LOTS OF NUTS AND FUDGE FOR FUN.",4.2,181,"CREAM, SKIM MILK, WATER, LIQUID SUGAR (SUGAR, WATER), CORN SYRUP, SUGAR, ALMONDS, COCONUT OIL, EGG YOLKS, COCOA (PROCESSED WITH ALKALI), BUTTER (CREAM, SALT), WHISKEY, CARAMELIZED SUGAR SYRUP, COCOA POWDER, DRY MALT EXTRACT (BARLEY), GUAR GUM, SALT, CARRAGEENAN, BAKING SODA, MILK FAT, SOY LECITHIN, VANILLA EXTRACT, NATURAL FLAVOR",BURNT CARAMEL
47_bj,VANILLA,VANILLA ICE CREAM,"WHEN YOU DIG INTO THIS PINT, YOU’LL FIND A RICH, CREAMY VANILLA THAT’S MORE VANILLA-TASTING THAN ANY VANILLA YOU’VE EVER TASTED.",4.7,10,"CREAM, SKIM MILK, LIQUID SUGAR (SUGAR, WATER), WATER, EGG YOLKS, SUGAR, GUAR GUM, VANILLA EXTRACT, VANILLA BEANS, CARRAGEENAN",VANILLA
48_bj,VANILLA CARAMEL FUDGE,VANILLA ICE CREAM WITH SWIRLS OF CARAMEL & FUDGE,"IF YOU’VE BEEN LOOKING FOR REASONS TO TRY SOMETHING CHUNKLESS, THIS CONTAINER HOLDS A VANILLA-RICH, FUDGE-LUSCIOUS & CARAMEL-GOOEY PINTFUL OF THEM. ENJOY!",4.8,29,"CREAM, SKIM MILK, LIQUID SUGAR (SUGAR, WATER), WATER, CORN SYRUP, SUGAR, BUTTER (CREAM, SALT), EGG YOLKS, VANILLA EXTRACT, COCOA (PROCESSED WITH ALKALI), SALT, CARRAGEENAN, CHOCOLATE LIQUOR, GUAR GUM, BAKING SODA",VANILLA
49_bj,BOOM CHOCOLATTA™ COOKIE CORE,"MOCHA & CARAMEL ICE CREAMS WITH CHOCOLATE COOKIES, FUDGE FLAKES & A CHOCOLATE COOKIE CORE","AS YOU SLAM DUNK YOUR SPOON THROUGH CREAMY MOCHA & CARAMEL TO CELEBRATE THE EPIC CHOCOLATE COOKIE-SPREAD CORE, YOUR TECHNIQUE MAY NOT BE PERFECT, BUT THE VICTORY’S PERFECTLY DELICIOUS.",4.6,97,"CREAM, SKIM MILK, LIQUID SUGAR (SUGAR, WATER), WATER, SUGAR, SOYBEAN OIL, COCOA (PROCESSED WITH ALKALI), EGG YOLKS, BUTTER (CREAM, SALT), COFFEE EXTRACT, CORN SYRUP, RICE FLOUR, POTATO FLOUR, WHEAT FLOUR, COCONUT OIL, BROWN SUGAR, VANILLA EXTRACT, BAKING SODA, SALT, NATURAL FLAVOR, COCOA POWDER, SOY LECITHIN, EGGS, CHOCOLATE LIQUOR, COCOA BUTTER, MILK, WHEY PROTEIN CONCENTRATE, GUAR GUM, CARRAGEENAN, MILKFAT",MOCHA & CARAMEL
50_bj,CHOCOLATE CHIP COOKIE DOUGH CORE,COOKIE MILK ICE CREAM WITH FUDGE CHIPS & A CHOCOLATE CHIP COOKIE DOUGH CORE,"OUR LATEST COOKIE DOUGH CREATION IS BOLDLY LOADED LIKE NEVER BEFORE, WITH ICE CREAM THAT TASTES LIKE A JUST-DUNKED-COOKIE, & AN EPIC CORE OF CHOCOLATE-CHIPPITY DOUGH WHERE NO DOUGH HAS EVER BEEN.",1.8,166,"CREAM, SKIM MILK, WATER, LIQUID SUGAR (SUGAR, WATER), SUGAR, SOYBEAN OIL, EGG YOLKS, WHEAT FLOUR, COCONUT OIL, CHOCOLATE CHIPS (SUGAR, UNSWEETENED CHOCOLATE, COCOA BUTTER, SOY LECITHIN, NATURAL FLAVOR), BUTTER (CREAM, SALT), COCOA (PROCESSED WITH ALKALI), CORN SYRUP, NATURAL FLAVOR, COCOA POWDER, EGGS, MOLASSES, SALT, GUAR GUM, BROWN SUGAR, CHOCOLATE LIQUOR, VANILLA EXTRACT, SOY LECITHIN, CARRAGEENAN, BAKING SODA, COCOA BUTTER",COOKIE MILK
51_bj,SWEET LIKE SUGAR COOKIE DOUGH CORE,SWEET CREAM ICE CREAM WITH A HINT OF ALMOND FLAVOR & SHORTBREAD COOKIES & CHERRY ICE CREAM WITH CHERRIES & A SUGAR COOKIE DOUGH CORE,"INSTEAD OF JUST GIVING YOU SOME SUGAR COOKIE DOUGH, WE THOUGHT YOU’D ENJOY A CORE FULL EVEN MORE, ENWRAPPED IN ALMOND-KISSED SWEET CREAM & CHERRY ICE CREAMS PACKED WITH COOKIES & CHERRIES. DO WE LOVE YOU OR WHAT?",4.8,123,"CREAM, SKIM MILK, WATER, LIQUID SUGAR (SUGAR, WATER), SUGAR, CHERRIES, SOYBEAN OIL, WHEAT FLOUR, EGG YOLKS, BUTTER (CREAM, SALT), DRIED CANE SYRUP, EGGS, NATURAL FLAVOR, COCONUT OIL, SALT, GUAR GUM, FRUIT AND VEGETABLE CONCENTRATES (COLOR), LEMON JUICE CONCENTRATE, CARRAGEENAN, BAKING SODA, ALMOND EXTRACT",SWEET CREAM
52_bj,"WAKE & "" NO BAKE "" COOKIE DOUGH CORE","VANILLA ICE CREAM WITH PEANUT BUTTER COOKIES, PEANUT BUTTER ICE CREAM WITH FUDGE CHIPS & A NO BAKE COOKIE DOUGH CORE","NOW THAT WE’VE CORE-FULLY CAPTURED THE NO BAKE COOKIE DOUGH OF YOUR DREAMS IN THE MIDDLE OF OUR FUDGE-&-COOKIE-CHUNKED PEANUT BUTTER AND VANILLA ICE CREAMS, WE BET YOU’LL LOVE HOW IT TASTES WHEN YOU’RE AWAKE.",3.3,68,"CREAM, SKIM MILK, LIQUID SUGAR (SUGAR, WATER), WATER, SUGAR, SOYBEAN OIL, PEANUTS, EGG YOLKS, OATS, WHEAT FLOUR, BUTTER (CREAM, SALT), COCONUT OIL, PEANUT OIL, COCOA (PROCESSED WITH ALKALI), NATURAL FLAVOR, SALT, BROWN SUGAR, EGGS, VANILLA EXTRACT, COCOA POWDER, GUAR GUM, BAKING SODA, CARRAGEENAN, MILK FAT, SOY LECITHIN",VANILLA
53_bj,BROWNIE BATTER CORE,CHOCOLATE & VANILLA ICE CREAMS WITH FUDGE BROWNIES & A BROWNIE BATTER CORE,"SPOONING YOUR WAY TO BROWNIE NIRVANA? SMACK DAB IN THE MIDDLE OF THIS BROWNIE-CHUNK-FILLED ICE CREAM THERE'S A CORE OF UNBAKED BROWNIE BATTER CALLING YOUR NAME. NO, REALLY. WE HEARD IT.",3.5,108,"CREAM, LIQUID SUGAR (SUGAR, WATER), SKIM MILK, WATER, SUGAR, COCOA PROCESSED WITH ALKALI, EGG YOLKS, WHEAT FLOUR, BUTTER (CREAM, SALT), CHOCOLATE LIQUOR, COCONUT OIL, CORN SYRUP, COCOA POWDER, SOYBEAN OIL, INVERT SUGAR, EGGS, CANOLA OIL, SALT, GUAR GUM, EGG WHITES, CARRAGEENAN, NATURAL FLAVOR, SOY LECITHIN, BAKING SODA, VANILLA EXTRACT, MALTED BARLEY FLOUR",CHOCOLATE & VANILLA
54_bj,COOKIES & CREAM CHEESECAKE CORE,CHOCOLATE & CHEESECAKE ICE CREAMS WITH CHOCOLATE COOKIES & A CHEESECAKE CORE,"WHAT'S IT CALLED WHEN YOU FIND YOURSELF SPOON-DEEP IN A RICH CENTER OF CHEESECAKE IN THE MIDDLE OF A COOL ICE CREAM UNIVERSE OF CHOCOLATE, CHEESECAKE & COOKIES? A CORE ENCOUNTER OF THE BEN & JERRIEST KIND.",4.4,57,"CREAM, LIQUID SUGAR (SUGAR, WATER), SKIM MILK, WATER, SUGAR, HEAVY CREAM, COCOA (PROCESSED WITH ALKALI), WHEAT FLOUR, EGG YOLKS, BUTTER (CREAM, SALT), CREAM CHEESE (PASTEURIZED MILK AND CREAM, CHEESE CULTURE, SALT, CAROB BEAN GUM, GUAR GUM), MILK PROTEIN CONCENTRATE, COCONUT OIL, BROWN SUGAR, EGGS, NATURAL FLAVOR, SALT, GUAR GUM, CAROB BEAN GUM, MODIFIED FOOD STARCH (CORN), SOY LECITHIN, XANTHAN GUM, BAKING SODA, VANILLA EXTRACT, CARRAGEENAN",CHOCOLATE & CHEESECAKE
55_bj,KARAMEL SUTRA® CORE,CHOCOLATE & CARAMEL ICE CREAMS WITH FUDGE CHIPS & A SOFT CARAMEL CORE,"FIND YOUR WAY TO THE ULTIMATE ICE CREAM EXPERIENCE WITH OUR CORES. WHETHER YOUR PRIMAL URGES LEAD YOU TO THE CENTER OF SOFT CARAMEL OR DIRECTLY TO THE FUDGE CHIPS, YOU’LL BE IN TOTAL CONTROL OF YOUR OWN ICE CREAM DESTINY.",4.2,94,"CREAM, SKIM MILK, LIQUID SUGAR (SUGAR, WATER), WATER, SUGAR, MILK, CORN SYRUP, COCOA (PROCESSED WITH ALKALI), EGG YOLKS, COCONUT OIL, BUTTER (CREAM, SALT), COCOA POWDER, MILK FAT, PECTIN, GUAR GUM, BAKING SODA, LACTASE, SOY LECITHIN, VANILLA EXTRACT, SALT, CARRAGEENAN, MILKFAT, NATURAL FLAVOR",CHOCOLATE & CARAMEL
56_bj,PEANUT BUTTER FUDGE CORE,CHOCOLATE & PEANUT BUTTER ICE CREAMS WITH MINI PEANUT BUTTER CUPS & A PEANUT BUTTER FUDGE CORE,"FIND YOUR WAY TO THE ULTIMATE ICE CREAM EXPERIENCE WITH OUR CORES. WHETHER YOUR PRIMAL URGES LEAD YOU TO THE CENTER OF PEANUT BUTTER FUDGE OR DIRECTLY TO THE PEANUT BUTTER CUPS, YOU’LL BE IN TOTAL CONTROL OF YOUR OWN ICE CREAM DESTINY.",4.7,19,"CREAM, SKIM MILK, LIQUID SUGAR (SUGAR, WATER), WATER, PEANUTS, SUGAR, COCONUT OIL, COCOA PROCESSED WITH ALKALI, CORN SYRUP, DRIED CANE SYRUP, EGG YOLKS, COCOA, PEANUT OIL, MILK, SALT, GUAR GUM, SOY LECITHIN, CARRAGEENAN, NATURAL FLAVOR, VANILLA EXTRACT",CHOCOLATE & PEANUT BUTTER
